CRIM,ZN,INDUS,CHAS,NOX,RM,AGE,DIS,RAD,TAX,PTRATIO,B,LSTAT,MEDV
-0.5365811820847279,1.5803725515720273,-1.3273827272915844,-0.2758386421836852,-0.027429779577676797,0.7734049449061141,-0.09377069941045503,0.11135376445066181,-0.9055003028946638,-0.464668955346033,-1.7283275876365436,0.714181973452279,-1.311327602959004,0.45639873806630477
-0.5259536811972876,-0.4755154301055632,-0.5669172161628258,-0.2758386421836852,-0.7113554066434253,0.4670596688617752,0.4285340217821538,0.6166336323368325,-0.7598946775780882,-0.8447556950736649,-0.42985219168376104,0.714181973452279,-0.5437430212445775,-0.02973548263552135
-0.5259638074487286,-0.4755154301055632,-0.5669172161628258,-0.2758386421836852,-0.7113554066434253,1.9868505188479755,-0.2500808714461993,0.6166336323368325,-0.7598946775780882,-0.8447556950736649,-0.42985219168376104,0.35555714680874295,-1.486617351187058,2.6237471386952813
-0.5233917395826878,-0.4755154301055632,-1.3481517433518238,-0.2758386421836852,-0.8203870283495587,1.6148598265084222,-0.8333846841649521,1.2474989650493455,-0.6142890522615125,-0.9855285616394546,0.03759895085923989,0.514162721245689,-1.6877392728381941,2.3604244358151245
-0.5048201944396999,-0.4755154301055632,-1.3481517433518238,-0.2758386421836852,-0.8203870283495587,1.9112588273565165,-0.5131394536526955,1.2474989650493455,-0.6142890522615125,-0.9855285616394546,0.03759895085923989,0.714181973452279,-1.2467471694013,2.927581026633923
-0.5246676472642672,-0.4755154301055632,-1.3481517433518238,-0.2758386421836852,-0.8203870283495587,0.4849629642150147,-0.3415795087354153,1.2474989650493455,-0.6142890522615125,-0.9855285616394546,0.03759895085923989,0.469224475155222,-1.2688890323353699,1.4084115869407148
-0.4950787405533563,0.9521845571705413,-0.43910788656135374,-0.2758386421836852,-0.16619729811275621,-0.3465456421910488,-0.04039649432507928,0.9584795719145929,-0.32307780162836136,-0.35908930542169076,-1.7802666034746555,0.5996335030256006,0.06331305419784145,0.23358722024463405
-0.46659359524952604,0.9521845571705413,-0.43910788656135374,-0.2758386421836852,-0.16619729811275621,-0.02826483591121569,1.0842742556882021,1.183150816328692,-0.32307780162836136,-0.35908930542169076,-1.7802666034746555,0.714181973452279,1.303257378505761,1.0843221064728308
-0.4328276098191591,0.9521845571705413,-0.43910788656135374,-0.2758386421836852,-0.16619729811275621,-1.1044518121448994,1.2329595412831786,1.2589629593156033,-0.32307780162836136,-0.35908930542169076,-1.7802666034746555,-0.19075094291851089,3.292334732083049,-1.0627707016269028
-0.4536876877878368,0.9521845571705413,-0.43910788656135374,-0.2758386421836852,-0.16619729811275621,-0.3624596825050404,0.6954050472090341,1.5527638173955798,-0.32307780162836136,-0.35908930542169076,-1.7802666034746555,-0.1837018062768703,0.9250005533820658,-0.5766364809250767
-0.4259164432106044,0.9521845571705413,-0.43910788656135374,-0.2758386421836852,-0.16619729811275621,0.3795324471348202,1.0156502777212901,1.4113937574488618,-0.32307780162836136,-0.35908930542169076,-1.7802666034746555,0.32824174232238,1.5431275602915195,-1.3666045895655443
-0.48030453970078313,0.9521845571705413,-0.43910788656135374,-0.2758386421836852,-0.16619729811275621,-0.3525134073087941,0.581031750597514,1.342264143782985,-0.32307780162836136,-0.35908930542169076,-1.7802666034746555,0.714181973452279,0.2183060947363314,-0.5766364809250767
-0.4922990845327728,0.9521845571705413,-0.43910788656135374,-0.2758386421836852,-0.16619729811275621,-0.5912240120186689,-1.0926308231510644,0.895341191433092,-0.32307780162836136,-0.35908930542169076,-1.7802666034746555,0.15025104212092116,0.668523974395755,-0.009479890106279015
-0.22092567216258133,-0.4755154301055632,-0.39597223782085683,-0.2758386421836852,-0.027429779577676797,-0.4718687096637324,-0.2233937689035114,0.4670832347729855,-0.468683426944937,-0.38724387873484867,1.2321963151358002,0.714181973452279,-0.706116682761091,-0.27280259298643517
-0.216773909071728,-0.4755154301055632,-0.39597223782085683,-0.2758386421836852,-0.027429779577676797,-0.1794482188941355,0.6420308421236578,0.32559795880349146,-0.468683426944937,-0.38724387873484867,1.2321963151358002,-0.7731858579341822,-0.3370856338599243,-0.7184256286297759
-0.22212563295835236,-0.4755154301055632,-0.39597223782085683,-0.2758386421836852,-0.027429779577676797,-0.7006330391773626,-0.42545325958386354,0.3467400989829719,-0.468683426944937,-0.38724387873484867,1.2321963151358002,0.6013957871860094,-0.6673684226264682,-0.37408055563264897
-0.006163068473891211,-0.4755154301055632,-0.39597223782085683,-0.2758386421836852,-0.027429779577676797,-0.49971828021321824,-1.462437815528313,0.3467400989829719,-0.468683426944937,-0.38724387873484867,1.2321963151358002,-0.171365817153993,-1.0161027638380709,0.2740984053031202
-0.14273075853436315,-0.4755154301055632,-0.39597223782085683,-0.2758386421836852,-0.027429779577676797,-0.3903092530545245,0.5352824319529058,0.2080776155715012,-0.468683426944937,-0.38724387873484867,1.2321963151358002,-0.18017723795604748,0.4766278289671481,-0.8602147763344751
-0.1722994127423918,-0.4755154301055632,-0.39597223782085683,-0.2758386421836852,-0.027429779577676797,-0.9134833283769994,0.07016435906605707,-0.05772574897379491,-0.468683426944937,-0.38724387873484867,1.2321963151358002,0.1899024357301564,-0.1488797989203294,-0.7184256286297759
0.09401593703296737,-0.4755154301055632,-0.39597223782085683,-0.2758386421836852,-0.027429779577676797,-1.2257963695390854,1.1605231200958823,-0.05691923681435977,-0.468683426944937,-0.38724387873484867,1.2321963151358002,-1.0771798756049924,1.648301409228352,-1.6501828849749431
-0.10838251364613263,-0.4755154301055632,-0.39597223782085683,-0.2758386421836852,-0.027429779577676797,-0.4400406290357491,0.8212156734817061,0.06659233960200657,-0.468683426944937,-0.38724387873484867,1.2321963151358002,0.32912288440258447,0.3216347884286581,-0.4348473332203767
0.08423397814085927,-0.4755154301055632,-0.39597223782085683,-0.2758386421836852,-0.027429779577676797,-0.08794248708868306,0.9165267539913062,0.04619910357057314,-0.468683426944937,-0.38724387873484867,1.2321963151358002,0.714181973452279,1.2239157029920102,-1.326093404507059
-0.03932654194351236,-0.4755154301055632,-0.39597223782085683,-0.2758386421836852,-0.027429779577676797,-0.7424073950015905,1.2329595412831786,0.11434938104284997,-0.468683426944937,-0.38724387873484867,1.2321963151358002,0.5062324425238439,1.437953711354687,-1.4678825522117582
-0.1599150072299195,-0.4755154301055632,-0.39597223782085683,-0.2758386421836852,-0.027429779577676797,-0.5216000856449552,1.0080253912805222,0.289708167708624,-0.468683426944937,-0.38724387873484867,1.2321963151358002,0.4877284588395304,0.777388133821599,-1.2450710343900877
-0.19958459725045108,-0.4755154301055632,-0.39597223782085683,-0.2758386421836852,-0.027429779577676797,-0.7424073950015905,0.86315254890593,0.4523931918689872,-0.468683426944937,-0.38724387873484867,1.2321963151358002,-1.0498644711186293,0.5024600023902298,-1.0425151090976597
-0.14840652246710292,-0.4755154301055632,-0.39597223782085683,-0.2758386421836852,-0.027429779577676797,0.6142645417661976,1.0194627209416744,0.3214501819835388,-0.468683426944937,-0.38724387873484867,1.2321963151358002,-0.07532133041162296,0.13158379824455746,-0.6779144435712905
-0.03222803968329725,-0.4755154301055632,-0.39597223782085683,-0.2758386421836852,-0.027429779577676797,0.9703411937917611,0.7487792522944098,0.1971897014191254,-0.468683426944937,-0.38724387873484867,1.2321963151358002,-0.7546818742498688,-0.019718931804920906,-0.15126903781097825
0.03276224206571911,-0.4755154301055632,-0.39597223782085683,-0.2758386421836852,-0.027429779577676797,-0.9413328989264853,1.0080253912805222,0.19373322073583144,-0.468683426944937,-0.38724387873484867,1.2321963151358002,-2.5222528871416,1.9398359378602739,-1.832483217738128
0.14613069007461782,-0.4755154301055632,-0.39597223782085683,-0.2758386421836852,-0.027429779577676797,-0.22719033983611048,1.2329595412831786,0.16032057413065778,-0.468683426944937,-0.38724387873484867,1.2321963151358002,-1.0630816023217062,0.17586752411269715,-1.4678825522117582
0.0433492379473951,-0.4755154301055632,-0.39597223782085683,-0.2758386421836852,-0.027429779577676797,-0.9652039593974737,1.0423373802639784,-0.0630832940329004,-0.468683426944937,-0.38724387873484867,1.2321963151358002,-2.645612778370338,1.1556449589452948,-1.751460847621157
-0.5072909997913297,-0.4755154301055632,-0.7442526609848683,-0.2758386421836852,-0.4139964383539695,-0.5036967902917157,0.02060259720106512,-0.3090118946492567,-0.32307780162836136,-0.5843258919269542,0.2972940300497964,0.714181973452279,-0.44410463804126266,-0.5766364809250767
-0.4904459805190505,-0.4755154301055632,-0.7442526609848683,-0.2758386421836852,-0.4139964383539695,-0.6867082539026188,-0.23864354178504738,-0.2988728846449282,-0.32307780162836136,-0.5843258919269542,0.2972940300497964,-0.9899468096646719,-0.12489278074175345,-0.35382496310340594
-0.49920518801560687,-0.4755154301055632,-0.7442526609848683,-0.2758386421836852,-0.4139964383539695,-0.6688049585493794,-0.9973197426414643,0.021600482707798702,-0.32307780162836136,-0.5843258919269542,0.2972940300497964,0.714181973452279,-0.6120137652912935,-0.15126903781097825
-0.4511510618018398,-0.4755154301055632,-0.7442526609848683,-0.2758386421836852,-0.4139964383539695,-0.43805137399649946,-1.4281258265448566,-0.02846087918857367,-0.32307780162836136,-0.5843258919269542,0.2972940300497964,0.4084256716210599,-0.3610726520385,0.598187885771004
-0.47525660335739195,-0.4755154301055632,-0.5924790820831202,-0.2758386421836852,-0.919506684446044,1.1613096775596592,-2.46892282570969,1.050882822181315,-0.6142890522615125,-0.9081034850282702,-0.3779131758456509,-0.29825027670354876,-1.3371597763820857,0.9830441438266171
-0.46813784859429464,-0.4755154301055632,-0.5924790820831202,-0.2758386421836852,-0.919506684446044,-0.03423260102896278,-2.327862426555482,1.050882822181315,-0.6142890522615125,-0.9081034850282702,-0.3779131758456509,-0.4780032610654215,-1.1581797176650201,0.719721440946461
-0.45909510605738724,-0.4755154301055632,-0.5924790820831202,-0.2758386421836852,-0.919506684446044,0.04931611061949473,-2.331674869775866,1.050882822181315,-0.6142890522615125,-0.9081034850282702,-0.3779131758456509,0.4991833058821983,-0.8574194128105691,0.598187885771004
-0.47766158807465453,-0.4755154301055632,-0.5924790820831202,-0.2758386421836852,-0.919506684446044,-0.23315810495385758,-1.0545063909472243,1.050882822181315,-0.6142890522615125,-0.9081034850282702,-0.3779131758456509,0.05244427121813724,-0.4680916562198383,-0.11075785275249285
-0.45298897643840047,-0.4755154301055632,-0.5924790820831202,-0.2758386421836852,-0.919506684446044,-1.0029998051432023,-1.2908778706110329,0.6934251115173435,-0.6142890522615125,-0.9081034850282702,-0.3779131758456509,0.714181973452279,-0.34631141008245325,-0.49561411080810513
-0.444412041467784,-0.4755154301055632,-0.5924790820831202,-0.2758386421836852,-0.919506684446044,-0.7961172810613125,-1.3099400867129527,0.6934251115173435,-0.6142890522615125,-0.9081034850282702,-0.3779131758456509,0.714181973452279,0.38067975625284484,-0.35382496310340594
-0.4236987941450023,-0.4755154301055632,-0.5924790820831202,-0.2758386421836852,-0.919506684446044,-0.3107390514845662,0.6801552743274979,1.032736298594022,-0.6142890522615125,-0.9081034850282702,-0.3779131758456509,0.3476268680868979,1.2386769449480572,-1.0425151090976597
-0.41124350487244227,-0.4755154301055632,-0.5924790820831202,-0.2758386421836852,-0.919506684446044,-1.5659589812506574,1.0537747099251302,1.1367763671611666,-0.6142890522615125,-0.9081034850282702,-0.3779131758456509,0.714181973452279,3.4547083935995624,-1.488138144741001
-0.4285087635795275,-0.4755154301055632,-0.5924790820831202,-0.2758386421836852,-0.919506684446044,-1.162140208283119,-0.21576888246274328,1.2621890079533444,-0.6142890522615125,-0.9081034850282702,-0.3779131758456509,0.714181973452279,0.7589365813765404,-0.47535851827886283
-0.494855963021652,1.9230205485182923,-0.7953763928254571,-0.2758386421836852,-1.0087143749328809,-0.44401913911424656,-0.837197127385336,1.680999250745781,-0.468683426944937,-0.8377170517453755,-0.949242350064874,0.5961089347047778,0.25151888913743636,-0.41459174069113436
-0.5178223012900798,1.9230205485182923,-0.7953763928254571,-0.2758386421836852,-1.0087143749328809,-0.14165237314840512,-0.17764445025890324,1.680999250745781,-0.468683426944937,-0.8377170517453755,-0.949242350064874,0.4560073439521452,-0.49023351915390845,-0.2525470004571921
-0.512642723677954,1.9230205485182923,-0.7953763928254571,-0.2758386421836852,-1.0087143749328809,0.6460926223941809,-1.7750581595998012,1.680999250745781,-0.468683426944937,-0.8377170517453755,-0.949242350064874,0.714181973452279,-1.255972945623829,0.6589546633587324
-0.5145616483260437,1.9230205485182923,-0.7953763928254571,-0.2758386421836852,-1.0087143749328809,-0.37439521274053283,-1.7636208299386493,1.680999250745781,-0.468683426944937,-0.8377170517453755,-0.949242350064874,0.714181973452279,-0.6747490436044917,0.3348651828908479
-0.4615811007861787,2.3798845444466457,-0.8768548404463955,-0.2758386421836852,-0.8699468563978013,-0.08197472197093775,-1.4662502587486967,2.2571369726394748,0.11373907432136546,-0.5491326752855067,0.5569891092403528,0.16611159956461627,-0.9644384169919075,0.3146095903616056
-0.4874891150982476,2.3798845444466457,-0.8768548404463955,-0.2758386421836852,-0.8699468563978013,-0.5156323205272099,-0.7800104790795759,1.7485734481041755,0.11373907432136546,-0.5491326752855067,0.5569891092403528,0.714181973452279,-0.5289817792885307,-0.4348473332203767
-0.4641784842808223,2.3798845444466457,-0.8768548404463955,-0.2758386421836852,-0.8699468563978013,-0.8856337578275154,-0.055646267206614974,1.9175953535172436,0.11373907432136546,-0.5491326752855067,0.5569891092403528,0.5564575410955425,0.19616423180226156,-0.6171476659835621
-0.4528421457925045,2.3798845444466457,-0.8768548404463955,-0.2758386421836852,-0.8699468563978013,-0.43805137399649946,0.9813382887378345,1.6831883551785338,0.11373907432136546,-0.5491326752855067,0.5569891092403528,-0.9441274214940004,0.43418925834351385,-1.1640486642731167
-0.4839499902195812,2.3798845444466457,-0.8768548404463955,-0.2758386421836852,-0.8699468563978013,0.5366835952354889,0.005352824319528884,1.9176529615286322,0.11373907432136546,-0.5491326752855067,0.5569891092403528,0.714181973452279,-0.9884254351704832,0.09179807253993483
-0.47573253717512387,2.3798845444466457,-0.8768548404463955,-0.2758386421836852,-0.8699468563978013,1.1453956372456675,-0.9248833214541683,2.3528238795553262,0.11373907432136546,-0.5491326752855067,0.5569891092403528,0.5978712188651867,-0.4773174324423676,0.6589546633587324
-0.5299029192593189,1.523264552080983,-1.4759610729532957,-0.2758386421836852,-1.2356983873938316,1.8257208606688111,-0.3110799629723434,3.0683153809971495,-0.6142890522615125,-1.0277604216091913,-0.014340064978870304,0.3916839720971604,-0.7448649428957133,2.2794020656981537
-0.510470642743837,0.9521845571705413,-0.7266788781646658,-0.2758386421836852,-1.3060733432223366,-0.6131058174504077,-1.7636208299386493,1.4985546786792547,-0.468683426944937,-0.11977543225984841,0.14147698253546212,0.653383169918117,-0.7356391666731843,0.05128688748144943
-0.4711554715237441,0.9521845571705413,-0.7266788781646658,-0.2758386421836852,-1.3060733432223366,-1.1780542485971106,-1.1765045739995126,1.4985546786792547,-0.468683426944937,-0.11977543225984841,0.14147698253546212,0.714181973452279,0.18509330033522645,-0.8804703688637182
-0.47489205830551207,0.9521845571705413,-0.7266788781646658,-0.2758386421836852,-1.3060733432223366,-0.5991810321756657,-1.3213774163741048,1.4985546786792547,-0.468683426944937,-0.11977543225984841,0.14147698253546212,0.714181973452279,-0.6083234548022819,-0.1715246303402213
-0.495093929930518,-0.4755154301055632,0.030591399724056095,-0.2758386421836852,-1.2664254807837425,0.4591026487047785,-2.327862426555482,0.8010944848019468,-0.468683426944937,-0.40132116539142765,0.2972940300497964,-0.4462821461780313,-0.9902705904149892,0.49690992312479015
-0.4593988936006204,-0.4755154301055632,0.030591399724056095,-0.2758386421836852,-1.2664254807837425,-0.44799764919274404,-1.9123061155336254,0.8010944848019468,-0.468683426944937,-0.40132116539142765,0.2972940300497964,-1.0445776186373976,-0.40720153315114577,-0.009479890106279015
-0.49338259343697116,-0.4755154301055632,0.030591399724056095,-0.2758386421836852,-1.2664254807837425,-0.2411151251108525,-2.282113107910874,0.8010944848019468,-0.468683426944937,-0.40132116539142765,0.2972940300497964,0.18637786740933862,-1.2116892197556892,0.21333162771539171
-0.44085266408623536,-0.4755154301055632,0.030591399724056095,-0.2758386421836852,-1.2664254807837425,0.11695078195395882,-2.343112199437018,0.8010944848019468,-0.468683426944937,-0.40132116539142765,0.2972940300497964,-1.0243113507926753,-0.8389678603655109,0.3348651828908479
-0.4998026368506321,-0.4755154301055632,0.35330995696777295,-0.2758386421836852,-1.0285383061521778,0.17264992305292873,-2.350737085877786,0.20439070284265431,-0.32307780162836136,0.25327266413949406,0.03759895085923989,0.539715841571643,-0.9791996589479541,0.47665433059554785
-0.4916206256862187,-0.4755154301055632,0.35330995696777295,-0.2758386421836852,-1.0285383061521778,0.19851023856316494,-0.8638842299280242,0.3490444194385014,-0.32307780162836136,0.25327266413949406,0.03759895085923989,-0.4903392501882938,-0.5806461261346944,-0.07024666769400746
-0.48837516209934434,-0.4755154301055632,0.35330995696777295,-0.2758386421836852,-1.0285383061521778,0.1845854532884229,0.2607865200852573,0.08957793614591074,-0.32307780162836136,0.25327266413949406,0.03759895085923989,-1.3335922209447173,-0.0215640870494267,-0.35382496310340594
-0.4956964418912638,-0.4755154301055632,0.35330995696777295,-0.2758386421836852,-1.0285383061521778,-0.0919209971671823,-0.8333846841649521,0.11164180450760279,-0.32307780162836136,0.25327266413949406,0.03759895085923989,-0.16167325427173904,-0.3352404786154185,-0.19178022286946364
-0.5111946697218761,-0.4755154301055632,0.35330995696777295,-0.2758386421836852,-1.0285383061521778,0.0910904664437226,-0.5322016697546156,0.6437093976893008,-0.32307780162836136,0.25327266413949406,0.03759895085923989,-0.21101721076323324,0.04670665699728898,-0.11075785275249285
-0.4973166421218407,-0.4755154301055632,0.35330995696777295,-0.2758386421836852,-1.0285383061521778,-0.6210628376074043,-1.1841294604402806,0.3490444194385014,-0.32307780162836136,0.25327266413949406,0.03759895085923989,0.6401660387150402,-0.551123642222601,-0.29305818551567747
-0.5189564414514835,2.3798845444466457,-0.9199904891868923,-0.2758386421836852,-1.1375699278583116,1.0757717108719556,-1.3023152002721847,0.8664219697162,-0.468683426944937,-0.5702486052703751,0.19341599837357415,0.714181973452279,-1.2541277903793233,1.2666224392360155
-0.5171894105750106,2.3798845444466457,-0.9199904891868923,-0.2758386421836852,-1.1375699278583116,0.8609321666330674,0.10447634804951333,0.8664219697162,-0.468683426944937,-0.5702486052703751,0.19341599837357415,0.6022769292662139,-0.8980128281896975,0.43614314553706174
-0.5212551005286146,2.3798845444466457,-0.9199904891868923,-0.2758386421836852,-1.1375699278583116,0.23033831919114825,-1.3518769621371767,0.8664219697162,-0.468683426944937,-0.5702486052703751,0.19341599837357415,0.714181973452279,-0.9902705904149892,0.618443478300247
-0.5218019181064343,2.3798845444466457,-0.9199904891868923,-0.2758386421836852,-1.1375699278583116,-0.038211111107460255,-0.7990726951814959,0.8664219697162,-0.468683426944937,-0.5702486052703751,0.19341599837357415,0.16258703124379345,-0.8445033260990285,0.23358722024463405
-0.5141667245198406,-0.4755154301055632,-0.9791023041275732,-0.2758386421836852,-0.9095947188363954,0.4034035076058086,-0.749510933316504,0.5085033949611235,-0.6142890522615125,-0.8095624784322175,-0.06627908081698233,0.714181973452279,-0.45517556950829774,0.43614314553706174
-0.5107440515327468,-0.4755154301055632,-0.9791023041275732,-0.2758386421836852,-0.9095947188363954,0.882813972064806,-0.44070303246539955,0.3116568200475399,-0.6142890522615125,-0.8095624784322175,-0.06627908081698233,0.3088566165578671,-1.0253285400606,0.9830441438266171
-0.5135135813018893,-0.4755154301055632,-0.9791023041275732,-0.2758386421836852,-0.9095947188363954,-0.34057787707330167,-0.8600717867076401,0.30560797885177543,-0.6142890522615125,-0.8095624784322175,-0.06627908081698233,0.6339980441536041,0.1426547297115922,0.15256485012766327
-0.503574665512444,-0.4755154301055632,-0.9791023041275732,-0.2758386421836852,-0.9095947188363954,-0.12971684291291094,-0.41401592992271163,-0.08589606654263977,-0.6142890522615125,-0.8095624784322175,-0.06627908081698233,0.5599821094163603,-0.6729038883599859,0.09179807253993483
-0.5111237859617883,-0.4755154301055632,-1.1516448990895605,-0.2758386421836852,-0.5131160944504548,1.6327631218616616,0.7106548200905698,-0.2736405756568832,-0.7598946775780882,-0.6476736818815595,-0.42985219168376104,0.714181973452279,-1.2153795302447008,0.375376367949334
-0.5129363849697461,-0.4755154301055632,-1.1516448990895605,-0.2758386421836852,-0.5131160944504548,1.7759894846875866,-0.17383200703851917,-0.27778835247683586,-0.7598946775780882,-0.6476736818815595,-0.42985219168376104,0.6401660387150402,-1.178476425354584,1.4084115869407148
-0.5160653966650479,-0.4755154301055632,-1.1516448990895605,-0.2758386421836852,-0.5131160944504548,0.4591026487047785,-0.05945871042699931,-0.46340136516971486,-0.7598946775780882,-0.6476736818815595,-0.42985219168376104,0.2982829115954037,-0.60463314431327,0.17282044265690633
-0.5198728672069036,-0.4755154301055632,-1.1516448990895605,-0.2758386421836852,-0.5131160944504548,0.4352315882337919,0.2379118607629535,-0.4635165811924913,-0.7598946775780882,-0.6476736818815595,-0.42985219168376104,0.4189993765835233,-0.717187614228126,0.05128688748144943
-0.5185007601366338,2.7225325413929107,0.7063832299918393,-0.2758386421836852,-0.7609152346916674,0.5088340246860031,-0.5360141129749997,-0.13296181184682396,-0.468683426944937,-0.6476736818815595,-0.2220961283313166,0.547646120293488,-0.7245682352061492,0.23358722024463405
-0.5252245910935279,2.7225325413929107,0.7063832299918393,-0.2758386421836852,-0.7609152346916674,0.04931611061949473,-1.477687588409849,-0.13296181184682396,-0.468683426944937,-0.6476736818815595,-0.2220961283313166,0.6639568748805804,-1.0843735078847867,0.6589546633587324
-0.5180400156960635,2.7225325413929107,0.7063832299918393,-0.2758386421836852,-0.7609152346916674,0.12490780211095376,0.36753493025600936,-0.1622842896434333,-0.468683426944937,-0.6476736818815595,-0.2220961283313166,0.714181973452279,-0.2761955107912318,-0.23229140792794903
-0.47799069124649046,-0.4755154301055632,-1.2347209633305172,-0.2758386421836852,-0.9492425812749896,0.8728676968685615,-0.3758914977188716,-0.23129868728653363,-0.7598946775780882,-0.6054418219118226,-0.3259741600075388,-2.7152230027065496,-1.0031866771265299,1.3476448093529863
-0.48153487925087746,-0.4755154301055632,-1.2347209633305172,-0.2758386421836852,-0.9492425812749896,-0.046168131264455195,0.07397680228644087,-0.23129868728653363,-0.7598946775780882,-0.6054418219118226,-0.3259741600075388,0.26744293878821795,-0.13780886745329432,-0.07024666769400746
-0.5050480350971249,-0.4755154301055632,-1.2347209633305172,-0.2758386421836852,-0.9492425812749896,2.4463684329144857,-0.19670666636082326,-0.23129868728653363,-0.7598946775780882,-0.6054418219118226,-0.3259741600075388,0.714181973452279,-1.0880638183737983,2.31991325075664
-0.46451265057837876,-0.4755154301055632,-0.32887233978008407,-0.2758386421836852,-0.20584516055135035,1.0757717108719556,0.4666584539859938,-0.6445785609856999,-0.32307780162836136,0.15473165754344134,1.180257299297688,0.5256175682883567,-0.49207867439841424,1.1653444765898016
-0.4818994243027573,-0.4755154301055632,-0.32887233978008407,-0.2758386421836852,-0.20584516055135035,1.1831914829913979,0.13878833703296906,-0.5994714880687153,-0.32307780162836136,0.15473165754344134,1.180257299297688,0.5978712188651867,-0.814980842186935,0.962788551297374
-0.4326402741674986,-0.4755154301055632,-0.32887233978008407,-0.2758386421836852,-0.20584516055135035,-0.0978887622849294,0.7525916955147942,-0.6809292161716733,-0.32307780162836136,0.15473165754344134,1.180257299297688,0.5000644479624077,0.24967373389293054,-0.49561411080810513
-0.4690998424811997,-0.4755154301055632,-0.32887233978008407,-0.2758386421836852,-0.20584516055135035,-0.038211111107460255,0.8517152192447781,-0.8501239456189068,-0.32307780162836136,0.15473165754344134,1.180257299297688,0.34322115768587064,0.04486150175278319,-0.33356937057416286
-0.4726339042341456,-0.4755154301055632,-0.32887233978008407,-0.2758386421836852,-0.20584516055135035,-0.6668157035101298,1.1071489150105065,-1.031070709389339,-0.32307780162836136,0.15473165754344134,1.180257299297688,0.46305648059378585,0.8087557729781979,-0.45510292574961975
-0.4531003652042527,-0.4755154301055632,-0.32887233978008407,-0.2758386421836852,-0.20584516055135035,-0.6966545290988634,0.9241516404320744,-0.971100769534191,-0.32307780162836136,0.15473165754344134,1.180257299297688,0.6058014975870367,1.2128447715249755,-0.45510292574961975
-0.4733680574636257,-0.4755154301055632,-0.32887233978008407,-0.2758386421836852,-0.20584516055135035,-0.11778131267741852,0.6687179446663459,-1.0221414676241634,-0.32307780162836136,0.15473165754344134,1.180257299297688,-0.09734988241675421,0.36960882478580975,-0.27280259298643517
-0.47496294206559986,-0.4755154301055632,-0.32887233978008407,-0.2758386421836852,-0.20584516055135035,0.5724901859419697,1.1223986878920422,-0.8432685922637072,-0.32307780162836136,0.15473165754344134,1.180257299297688,0.5679123881382103,0.0337905702857481,-0.39433614816189133
-0.40630189416918266,-0.4755154301055632,-0.32887233978008407,-0.2758386421836852,-0.20584516055135035,0.0851227013259755,0.8974645378893863,-0.7786324034861125,-0.32307780162836136,0.15473165754344134,1.180257299297688,0.214574413975906,0.6390014904836615,-0.47535851827886283
-0.4851347616381905,-0.4755154301055632,-0.32887233978008407,-0.2758386421836852,-0.20584516055135035,0.01748802999151142,-0.5055145672119277,-0.6445785609856999,-0.32307780162836136,0.15473165754344134,1.180257299297688,0.41371252410229165,0.168486903134674,-0.009479890106279015
-0.48872451777406245,-0.4755154301055632,-0.09721792987741606,-0.2758386421836852,0.061777910909159975,1.0519006504009671,0.5314699887325215,-0.7023593964080951,-0.17747217631178575,0.4925865373013364,-0.42985219168376104,0.5987523609453911,-0.3555371863049826,0.21333162771539171
-0.47735780053142135,-0.4755154301055632,-0.09721792987741606,-0.2758386421836852,0.061777910909159975,-0.543481891076694,0.9622760726359144,-0.8890669613173505,-0.17747217631178575,0.4925865373013364,-0.42985219168376104,0.5423592678122563,0.7607817366210465,-0.596892073454319
-0.4273189290351976,-0.4755154301055632,-0.09721792987741606,-0.2758386421836852,0.061777910909159975,-0.18740523905113224,1.0575871531455145,-0.7769617711558539,-0.17747217631178575,0.4925865373013364,-0.42985219168376104,0.714181973452279,0.9231553981375596,-0.6171476659835621
-0.4677277354109299,-0.4755154301055632,-0.09721792987741606,-0.2758386421836852,0.061777910909159975,0.13485407730719834,0.630593512462506,-0.944889124352546,-0.17747217631178575,0.4925865373013364,-0.42985219168376104,-0.004829963995201989,-0.3020276842143136,-0.6576588510420475
-0.4530294814441649,-0.4755154301055632,-0.09721792987741606,-0.2758386421836852,0.061777910909159975,-0.5136430654879602,0.7830912412778661,-0.8258709728244618,-0.17747217631178575,0.4925865373013364,-0.42985219168376104,-3.86687570153481,0.6777497506182839,-0.6981700361005329
-0.473160469309083,-0.4755154301055632,-0.09721792987741606,-0.2758386421836852,0.061777910909159975,-0.02030781575421898,0.1845376556775772,-0.6720575824178858,-0.17747217631178575,0.4925865373013364,-0.42985219168376104,0.3969708245783921,-0.008648000337886144,-0.11075785275249285
-0.4633380054112105,-0.4755154301055632,-0.09721792987741606,-0.2758386421836852,0.061777910909159975,-0.3286423468378075,0.5695944209363615,-0.6620913964477222,-0.17747217631178575,0.4925865373013364,-0.42985219168376104,0.5035890162832255,-0.3297050128819008,-0.5158697033373482
-0.4664872696093944,-0.4755154301055632,-0.09721792987741606,-0.2758386421836852,0.061777910909159975,-0.9055263082200046,-0.09377069941045503,-0.6552936511039109,-0.17747217631178575,0.4925865373013364,-0.42985219168376104,0.23836525014144613,0.2810413730495297,-0.49561411080810513
-0.5048505731940233,-0.4755154301055632,2.4014544638313624,-0.2758386421836852,0.3987847416372089,-0.6290198577643993,0.0777892455068252,-0.9441978282158874,-0.7598946775780882,-1.224842434801297,0.24535501421168618,0.031296861293210444,0.421273171631973,0.05128688748144943
-0.5035037817523562,-0.4755154301055632,2.4014544638313624,-0.2758386421836852,0.3987847416372089,-0.3624596825050404,0.6267810692421215,-0.9789354590829903,-0.7598946775780882,-1.224842434801297,0.24535501421168618,-0.9802542467824129,0.4028216191869147,-0.29305818551567747
-0.4926990714646965,-0.4755154301055632,2.4014544638313624,-0.2758386421836852,0.3987847416372089,-0.44799764919274404,0.9622760726359144,-1.042592311666985,-0.7598946775780882,-1.224842434801297,0.24535501421168618,-0.943246279413796,1.0781484386760496,-0.2525470004571921
-0.4636417929544437,-0.4755154301055632,2.4014544638313624,-0.2758386421836852,0.3987847416372089,-0.6568694283138852,1.1185862446716583,-1.1246837278952138,-0.7598946775780882,-1.224842434801297,0.24535501421168618,-1.6287748178134778,2.4583245615664127,-0.9007259613929605
-0.4899143523183924,-0.4755154301055632,2.4014544638313624,-0.2758386421836852,0.3987847416372089,-0.6111165624111599,1.0728369260270503,-1.089024368845899,-0.7598946775780882,-1.224842434801297,0.24535501421168618,-0.8295789510673169,1.013568005118345,-0.596892073454319
-0.4542041266113332,-0.4755154301055632,2.4014544638313624,-0.2758386421836852,0.3987847416372089,-0.3982662732115212,0.7907161277186342,-1.096743842371922,-0.7598946775780882,-1.224842434801297,0.24535501421168618,-0.3326148178315573,0.5024600023902298,-0.07024666769400746
-0.34366090275450284,-0.4755154301055632,2.4014544638313624,-0.2758386421836852,0.3987847416372089,-1.14025840285138,1.065212039586282,-1.2325259252139813,-0.7598946775780882,-1.224842434801297,0.24535501421168618,-2.5997933901996615,2.7996782817999923,-1.224815441860845
-0.4085701744919904,-0.4755154301055632,1.8007506147044439,-0.2758386421836852,0.8249992628520957,-0.9811179997114653,1.0804618124678185,-1.2146098336722417,-0.468683426944937,0.5277797539427839,1.3360743468120224,0.2921149170339676,0.9416069505826182,-1.1235374792146313
-0.37501177721616613,-0.4755154301055632,1.8007506147044439,-0.2758386421836852,0.8249992628520957,0.48695221925426435,1.1872102226385703,-1.20066869491629,-0.468683426944937,0.5277797539427839,1.3360743468120224,0.714181973452279,0.6094790065715682,-0.7589368136882613
-0.09359312341639779,-0.4755154301055632,1.8007506147044439,-0.2758386421836852,0.8249992628520957,-1.092516281909407,1.0309000506028263,-1.1042328838523918,-0.468683426944937,0.5277797539427839,1.3360743468120224,0.714181973452279,1.1537998037007888,-1.5083937372702436
-0.3676044242869973,-0.4755154301055632,1.8007506147044439,-0.2758386421836852,0.8249992628520957,0.5406621053139864,1.1910226658589547,-1.0243881800683041,-0.468683426944937,0.5277797539427839,1.3360743468120224,0.5502895465341063,0.0946806933544406,-0.5158697033373482
0.06421944216751384,-0.4755154301055632,1.8007506147044439,-0.2758386421836852,0.8249992628520957,0.2780804401331232,1.1452733472143466,-0.9365359627012526,-0.468683426944937,0.5277797539427839,1.3360743468120224,0.714181973452279,0.0319454150412423,-0.4348473332203767
-0.2410313443988967,-0.4755154301055632,1.8007506147044439,-0.2758386421836852,0.8249992628520957,0.3695861719385757,1.1528982336551146,-0.9040450442782906,-0.468683426944937,0.5277797539427839,1.3360743468120224,-0.267410303896368,-0.17840228283242276,0.2538428127738771
-0.37278906502484344,-0.4755154301055632,1.8007506147044439,-0.2758386421836852,0.8249992628520957,-0.7245040996483493,1.0575871531455145,-0.821953628050062,-0.468683426944937,0.5277797539427839,1.3360743468120224,-0.00923567439622924,0.543053417769358,-0.6779144435712905
-0.2573700510991207,-0.4755154301055632,1.8007506147044439,-0.2758386421836852,0.8249992628520957,0.2959837354863645,1.1643355633162666,-1.0288816049565863,-0.468683426944937,0.5277797539427839,1.3360743468120224,0.5176872895665117,0.899168379958984,-0.7386812211590182
-0.37642438929220035,-0.4755154301055632,1.8007506147044439,-0.2758386421836852,0.8249992628520957,-0.4857934949384744,0.9851507319582182,-1.1117219253328618,-0.468683426944937,0.5277797539427839,1.3360743468120224,-0.9291480061305097,0.8880974484919486,-0.8804703688637182
-0.36139196902787896,-0.4755154301055632,1.8007506147044439,-0.2758386421836852,0.8249992628520957,0.5327050851569897,1.1719604497570346,-1.1791809066684797,-0.468683426944937,0.5277797539427839,1.3360743468120224,0.46569990683439916,0.4618665870111014,-0.9412371464514458
-0.41330419704070726,-0.4755154301055632,1.8007506147044439,-0.2758386421836852,0.8249992628520957,-0.6548801732746355,1.1643355633162666,-1.2835666233039535,-0.468683426944937,0.5277797539427839,1.3360743468120224,0.28594692247253145,1.7036560665635272,-1.7109496625626712
-0.26408375580457377,-0.4755154301055632,1.8007506147044439,-0.2758386421836852,0.8249992628520957,-0.07003919173544355,1.1528982336551146,-1.2835090152925652,-0.468683426944937,0.5277797539427839,1.3360743468120224,0.714181973452279,1.175941666634859,-0.7994479987467467
-0.39249475032923514,-0.4755154301055632,1.8007506147044439,-0.2758386421836852,0.8249992628520957,-0.02428632583271645,0.988963175178602,-1.3162303657610803,-0.468683426944937,0.5277797539427839,1.3360743468120224,-0.06298534128875068,2.2276801560031836,-1.569160514857972
1.1417082898840858,-0.4755154301055632,1.4317011754801932,3.6253078686998625,3.2732547684352804,-1.5580019610936624,1.2329595412831786,-1.4834664228211139,-0.32307780162836136,0.2884658807809415,-2.039961682665212,0.714181973452279,2.7184914510417353,-1.6906940700334285
1.534784055199206,-0.4755154301055632,1.4317011754801932,-0.2758386421836852,3.2732547684352804,-1.4287003835424794,1.2329595412831786,-1.4315039965489298,-0.32307780162836136,0.2884658807809415,-2.039961682665212,0.714181973452279,2.6446852412615023,-1.2450710343900877
0.8676362315048396,-0.4755154301055632,1.4317011754801932,-0.2758386421836852,3.2732547684352804,-2.55262948071814,1.1490857904347302,-1.4694676760537737,-0.32307780162836136,0.2884658807809415,-2.039961682665212,0.714181973452279,3.174244796434676,-2.0147835505013125
0.6594810068814709,-0.4755154301055632,1.4317011754801932,-0.2758386421836852,3.2732547684352804,-2.506876614815413,1.0690244828066664,-1.4032760709686969,-0.32307780162836136,0.2884658807809415,-2.039961682665212,0.2568692338257546,3.218528522302816,-1.4476269596825155
0.6404284647950306,-0.4755154301055632,1.4317011754801932,-0.2758386421836852,3.2732547684352804,-1.989670304610685,0.9965880616193702,-1.363641759133594,-0.32307780162836136,0.2884658807809415,-2.039961682665212,-2.80245606864687,2.9952647377176103,-0.7994479987467467
0.8444623050818691,-0.4755154301055632,1.4317011754801932,-0.2758386421836852,3.2732547684352804,-1.1720864834793634,1.0385249370435945,-1.365888471577735,-0.32307780162836136,0.2884658807809415,-2.039961682665212,-3.255363097872367,1.7276430847421027,-1.285582219448573
0.29897632932666723,-0.4755154301055632,1.4317011754801932,-0.2758386421836852,3.2732547684352804,-0.1277275878736631,1.1300235743328104,-1.3127162770663983,-0.32307780162836136,0.2884658807809415,-2.039961682665212,-1.4093704398423699,0.37145398003031554,-0.049991075164764406
0.14011569671860108,-0.4755154301055632,1.4317011754801932,-0.2758386421836852,0.6366719162687736,-0.23912587007160466,1.2329595412831786,-1.2324683172025932,-0.32307780162836136,0.2884658807809415,-2.039961682665212,-3.0756101135104994,-1.0437800925056584,0.5171655156540332
0.18172446389010433,-0.4755154301055632,1.4317011754801932,-0.2758386421836852,3.2732547684352804,0.6441033673549312,1.2329595412831786,-1.227514028223205,-0.32307780162836136,0.2884658807809415,-2.039961682665212,-2.1574600659366276,-0.8666451890330984,0.3146095903616056
0.5955539815337708,-0.4755154301055632,1.4317011754801932,-0.2758386421836852,0.6366719162687736,-0.6608479383923827,0.92033919721169,-0.8495478655050243,-0.32307780162836136,0.2884658807809415,-2.039961682665212,0.5564575410955425,-0.08245421011811921,0.19307603518614866
0.6317755829386057,-0.4755154301055632,1.4317011754801932,-0.2758386421836852,0.6366719162687736,-0.6091273073719102,1.1300235743328104,-0.8687313332973051,-0.32307780162836136,0.2884658807809415,-2.039961682665212,-3.5831479517087224,-0.010493155582391937,-0.5361252958665905
-0.46933274626434507,-0.4755154301055632,-1.0493974354083828,-0.2758386421836852,-0.30496481664783565,-1.221817859460588,0.794528570939018,-0.7492523176781151,-0.32307780162836136,-0.464668955346033,-1.0531203817410963,0.714181973452279,0.4803181394561597,0.2740984053031202
-0.49331170967688337,-0.4755154301055632,-1.0493974354083828,-0.2758386421836852,-0.30496481664783565,0.45711339366553067,0.6267810692421215,-0.7203330959612231,-0.32307780162836136,-0.464668955346033,-1.0531203817410963,0.590822082223546,-0.5621945736896361,0.375376367949334
-0.4970128545786075,-0.4755154301055632,-1.0493974354083828,-0.2758386421836852,-0.30496481664783565,-0.6509016631961381,0.039664813302985144,-0.6883030416293668,-0.32307780162836136,-0.464668955346033,-1.0531203817410963,0.3908028300169559,-0.4514852590192858,0.17282044265690633
-0.5060404077383532,-0.4755154301055632,-1.0493974354083828,-0.2758386421836852,-0.30496481664783565,0.7157165487678946,-1.3175649731537207,-0.44035816061442257,-0.32307780162836136,-0.464668955346033,-1.0531203817410963,0.19078357781036084,-1.2467471694013,1.5502007346454139
-0.5042278087303953,-0.4755154301055632,-1.0493974354083828,-0.2758386421836852,-0.30496481664783565,-0.33063160187705715,-0.7800104790795759,-0.19690670448776004,-0.32307780162836136,-0.464668955346033,-1.0531203817410963,0.3908028300169559,-0.3647629625275119,0.2943539978323625
-0.5123136205061183,-0.4755154301055632,-1.0493974354083828,-0.2758386421836852,-0.30496481664783565,0.25619863470138626,0.2188496446610335,-0.3336681235234195,-0.32307780162836136,-0.464668955346033,-1.0531203817410963,0.5996335030256006,-1.06961226592874,0.5779322932417617
-0.5061517965042054,-0.4755154301055632,-1.0493974354083828,-0.2758386421836852,-0.30496481664783565,1.3403426310920665,0.25697407686487356,-0.565367545326883,-0.32307780162836136,-0.464668955346033,-1.0531203817410963,0.21809898229672378,-0.9533674855248725,1.6514786972916278
-0.5049062675769493,-0.4755154301055632,-1.3034184779913087,-0.2758386421836852,-0.5230280600601033,-0.0839639770101856,-0.20814399602197517,-0.7482153734731267,-0.6142890522615125,-1.1896492181598495,-0.42985219168376104,0.714181973452279,-0.48654320866489686,2.927581026633923
-0.4891093153288245,-0.4755154301055632,-1.3034184779913087,-0.2758386421836852,-0.5230280600601033,0.7495338844351257,1.065212039586282,-0.6047138171050443,-0.6142890522615125,-1.1896492181598495,-0.42985219168376104,0.714181973452279,-1.1821667358435959,2.1781241030519403
-0.49771662905376435,-0.4755154301055632,-1.3034184779913087,-0.2758386421836852,-0.5230280600601033,-1.1581616982046214,0.8440903328040099,-0.5235441290590276,-0.6142890522615125,-1.1896492181598495,-0.42985219168376104,0.19430814613118366,0.3493121170962457,0.9425329587681309
-0.5091643563079343,-0.4755154301055632,-1.3034184779913087,-0.2758386421836852,-0.5230280600601033,-0.06606068165694609,0.04347725652336893,-0.35544395182817057,-0.6142890522615125,-1.1896492181598495,-0.42985219168376104,-0.1484561230686573,0.19616423180226156,1.5907119197039001
-0.4707099164603355,-0.4755154301055632,-0.004556165916348822,-0.2758386421836852,-0.5131160944504548,-0.5872455019401714,-1.7293088409551933,0.02805257998328033,-0.468683426944937,-0.5984031785835331,-0.014340064978870304,0.714181973452279,-0.22453116394506858,0.17282044265690633
-0.42348614286473907,-0.4755154301055632,-0.004556165916348822,-0.2758386421836852,-0.5131160944504548,0.2780804401331232,-0.5779509883992238,0.2639573866180846,-0.468683426944937,-0.5984031785835331,-0.014340064978870304,0.5353101311706157,-0.20607961150001,0.5374211081832756
-0.4121953725079062,-0.4755154301055632,-0.004556165916348822,-0.2758386421836852,-0.5131160944504548,-0.8020850461790578,0.19216254211834535,0.2639573866180846,-0.468683426944937,-0.5984031785835331,-0.014340064978870304,0.05596883953896004,1.1021354568546253,0.15256485012766327
-0.4709883883749659,-0.4755154301055632,-0.004556165916348822,3.6253078686998625,-0.5131160944504548,-0.24310438015010213,-0.32632973585387937,0.1973049174419021,-0.468683426944937,-0.5984031785835331,-0.014340064978870304,-0.6586373875074987,0.4747826737226423,0.5374211081832756
-0.3191756267699093,-0.4755154301055632,-0.004556165916348822,3.6253078686998625,-0.5131160944504548,-1.6753680084093492,1.2329595412831786,-0.01250346003403389,-0.468683426944937,-0.5984031785835331,-0.014340064978870304,0.714181973452279,2.0302485448410597,-0.35382496310340594
-0.4514497862193524,-0.4755154301055632,-0.004556165916348822,3.6253078686998625,-0.5131160944504548,-0.44998690423199367,0.931776526872842,-0.011293691794881053,-0.468683426944937,-0.5984031785835331,-0.014340064978870304,0.39256511417736484,0.9563681925386646,-0.009479890106279015
-0.3495189392131825,-0.4755154301055632,-0.004556165916348822,3.6253078686998625,-0.5131160944504548,-1.5560127060544127,0.7983410141594018,-0.1334802839493181,-0.468683426944937,-0.5984031785835331,-0.014340064978870304,0.5679123881382103,2.194467361602079,-0.49561411080810513
-0.42981505001543013,-0.4755154301055632,-0.004556165916348822,3.6253078686998625,-0.5131160944504548,-0.7543429252370829,-0.5283892265342318,-0.1406236773614587,-0.468683426944937,-0.5984031785835331,-0.014340064978870304,0.18902129364995196,0.7275689422199416,0.13230925759842022
-0.4686340349149088,-0.4755154301055632,-0.004556165916348822,-0.2758386421836852,-0.5131160944504548,0.3755539370563228,-1.3480645189167928,0.02805257998328033,-0.468683426944937,-0.5984031785835331,-0.014340064978870304,-0.2630045934953408,-0.4994592953764374,1.2868780317652586
-0.39317827230150976,-0.4755154301055632,-0.004556165916348822,-0.2758386421836852,-0.5131160944504548,-1.540098665740421,-2.205864243503194,-0.1781264927751969,-0.468683426944937,-0.5984031785835331,-0.014340064978870304,-3.5126565852923015,3.2222188327918277,0.39563196047857635
-0.43952106202172997,-0.4755154301055632,-0.004556165916348822,-0.2758386421836852,-0.5131160944504548,-0.008372285518724796,-0.9630077536580083,0.02805257998328033,-0.468683426944937,-0.5984031785835331,-0.014340064978870304,0.42604851322516396,-0.48285289817588495,0.6589546633587324
-0.5166932242543963,-0.4755154301055632,0.5226573186897235,3.6253078686998625,0.09151380773810557,-0.5932132670579185,-0.4445154756857836,-0.45199497891484514,-0.32307780162836136,-0.6054418219118226,-1.1569984134173203,0.3529137205681296,0.26258982060447145,0.3146095903616056
-0.5042733768618802,-0.4755154301055632,0.5226573186897235,-0.2758386421836852,0.09151380773810557,0.9066850325357945,0.6649055014459616,-0.27398622372521253,-0.32307780162836136,-0.6054418219118226,-1.1569984134173203,0.3511514364077157,-0.44225948279675686,1.4084115869407148
-0.483737338939318,-0.4755154301055632,0.5226573186897235,3.6253078686998625,0.09151380773810557,-0.4678901995852349,0.9965880616193702,-0.5803456282878229,-0.32307780162836136,-0.6054418219118226,-1.1569984134173203,0.714181973452279,1.0763032834315442,-0.049991075164764406
-0.4819348661828011,-0.4755154301055632,0.5226573186897235,3.6253078686998625,0.09151380773810557,0.3715754269778253,0.9432138565339944,-0.30728365430760973,-0.32307780162836136,-0.6054418219118226,-1.1569984134173203,0.4357410761074229,-0.2928019079917843,0.2538428127738771
-0.3584756086128405,-0.4755154301055632,-0.7059098621044266,3.6253078686998625,-0.3347007134767812,1.52136483966372,0.794528570939018,-0.5962454394309745,0.11373907432136546,-0.38724387873484867,-0.6376082550362073,0.25598809174555015,-0.43856917230774495,1.0032997363558593
-0.33335237878745727,-0.4755154301055632,-0.7059098621044266,3.6253078686998625,-0.3347007134767812,-0.044178876225207345,0.9012769811097701,-0.4889217142147009,0.11373907432136546,-0.38724387873484867,-0.6376082550362073,0.5679123881382103,1.729488239986609,-0.009479890106279015
-0.22406481010932408,-0.4755154301055632,-0.7059098621044266,3.6253078686998625,-0.3347007134767812,1.3781384768377951,0.3827847031375456,-0.3598221606936761,0.11373907432136546,-0.38724387873484867,-0.6376082550362073,0.14055847923866222,-0.3979757569286168,1.1653444765898016
-0.2285507394977339,-0.4755154301055632,-0.7059098621044266,-0.2758386421836852,-0.3347007134767812,0.8589429115938195,0.5009704429694495,-0.3598221606936761,0.11373907432136546,-0.38724387873484867,-0.6376082550362073,0.714181973452279,-0.8278969288984759,1.6919898823501138
-0.3309878990759591,-0.4755154301055632,-0.7059098621044266,-0.2758386421836852,-0.3644366103057268,1.9430869079845,0.4666584539859938,-0.3923130791166382,0.11373907432136546,-0.38724387873484867,-0.6376082550362073,-1.4728126696171502,-1.0566961792171992,1.9958237702887553
-0.3161023094575337,-0.4755154301055632,-0.7059098621044266,-0.2758386421836852,-0.3644366103057268,0.727652079003387,-1.7636208299386493,-0.3004859089637985,0.11373907432136546,-0.38724387873484867,-0.6376082550362073,-0.7449893113676148,-1.5364365427887159,1.9755681777595124
-0.26789122634642953,-0.4755154301055632,-0.7059098621044266,-0.2758386421836852,-0.3644366103057268,-0.4082125484077658,0.016790153980680792,-0.12973576320908314,0.11373907432136546,-0.38724387873484867,-0.6376082550362073,-0.9203365853284553,-0.0806090548736134,0.5171655156540332
-0.3053786091814028,-0.4755154301055632,-0.7059098621044266,-0.2758386421836852,-0.3644366103057268,2.438411412757489,0.35228515737447363,-0.12973576320908314,0.11373907432136546,-0.38724387873484867,-0.6376082550362073,-1.1150689850538187,-1.2615084113573467,2.016079362817998
-0.31299861339083485,-0.4755154301055632,-0.7059098621044266,3.6253078686998625,-0.3347007134767812,1.0737824558327058,-0.04420893754546307,-0.1410269334411764,0.11373907432136546,-0.38724387873484867,-0.6376082550362073,-2.5196094609009867,-0.7448649428957133,1.469178364528443
-0.3724700881044486,-0.4755154301055632,-0.7059098621044266,-0.2758386421836852,-0.3347007134767812,-0.19934076928662464,-0.2348310985646633,-0.1410269334411764,0.11373907432136546,-0.38724387873484867,-0.6376082550362073,-1.0613193181612972,-0.2226860087005625,0.45639873806630477
-0.2762048787795773,-0.4755154301055632,-0.7059098621044266,3.6253078686998625,-0.3347007134767812,0.8848032271040557,0.3370353844929374,0.14476641105583546,0.11373907432136546,-0.38724387873484867,-0.6376082550362073,-0.030383084321156033,-0.4699368114643444,0.6792102558879756
-0.28063511378506106,-0.4755154301055632,-0.7059098621044266,-0.2758386421836852,-0.3347007134767812,2.330991640638045,0.15022566669412096,0.14476641105583546,0.11373907432136546,-0.38724387873484867,-0.6376082550362073,0.11236193267209482,-1.3574564840716499,1.9755681777595124
-0.49804066909987976,2.950964539357088,-0.9088071728467636,-0.2758386421836852,-1.1177459966390146,0.5864149712167117,-1.8741816833297853,1.321064395592116,-0.17747217631178575,-0.43651438203287507,-1.0531203817410963,-0.8269355248266986,-1.0566961792171992,0.39563196047857635
-0.49293703837356245,2.950964539357088,-0.9088071728467636,-0.2758386421836852,-1.1177459966390146,0.8350718511228311,-0.9706326400987761,1.321064395592116,-0.17747217631178575,-0.43651438203287507,-1.0531203817410963,-0.4418764357770091,-0.87033549952211,0.3146095903616056
-0.4824209262519742,2.950964539357088,-0.9088071728467636,-0.2758386421836852,-1.1177459966390146,1.4139450675442777,-0.5093270104323118,1.4052873082417092,-0.17747217631178575,-0.43651438203287507,-1.0531203817410963,0.2163366981363149,-0.13042824647527082,0.05128688748144943
-0.4860511873936106,2.950964539357088,-0.9088071728467636,-0.2758386421836852,-1.1177459966390146,-0.18143747393338513,-0.09758314263083935,1.4052873082417092,-0.17747217631178575,-0.43651438203287507,-1.0531203817410963,0.5132815791654844,0.05777758846432407,-0.33356937057416286
-0.48768151387562864,2.950964539357088,-0.9088071728467636,-0.2758386421836852,-1.1177459966390146,0.34173660138908984,-0.5627012155176878,1.8081977398909939,-0.17747217631178575,-0.43651438203287507,-1.0531203817410963,-1.4137761502433972,-0.15995073038736418,0.09179807253993483
-0.47519078272302473,2.950964539357088,-0.9088071728467636,-0.2758386421836852,-1.1177459966390146,0.4113605277628035,-2.282113107910874,1.8081977398909939,-0.17747217631178575,-0.43651438203287507,-1.0531203817410963,-1.24107230252317,-1.2725793428243815,0.39563196047857635
-0.4354401826909643,2.0372365475003806,-0.7602288271850522,-0.2758386421836852,-1.088010099810069,-1.1800435036363601,0.3370353844929374,2.337845796594386,-0.03186655099521015,-0.22535508218419062,0.24535501421168618,-1.436685844328733,0.07622914090938233,-0.839959183805232
-0.4429082931287798,2.0372365475003806,-0.7602288271850522,-0.2758386421836852,-1.088010099810069,-1.1561724431653717,0.09685146160874522,2.337845796594386,-0.03186655099521015,-0.22535508218419062,0.24535501421168618,0.02953457713280155,1.175941666634859,-0.6576588510420475
-0.36772087617856997,2.0372365475003806,-0.7602288271850522,-0.2758386421836852,-1.088010099810069,-0.15557715842314893,-1.2489409951868087,2.395799456050946,-0.03186655099521015,-0.22535508218419062,0.24535501421168618,0.12205449555435377,-0.5400527107555658,0.5171655156540332
-0.4402552152512101,2.0372365475003806,-0.7602288271850522,-0.2758386421836852,-1.088010099810069,0.07915493620822842,0.4399713514433057,2.395799456050946,-0.03186655099521015,-0.22535508218419062,0.24535501421168618,-1.1150689850538187,-0.3573823415494884,-0.2525470004571921
-0.4565483538199491,2.0372365475003806,-0.7602288271850522,-0.2758386421836852,-1.088010099810069,0.49093072933276183,-0.7075740578922799,2.263877109971898,-0.03186655099521015,-0.22535508218419062,0.24535501421168618,-1.24107230252317,-0.473627121953356,0.5576767007125186
-0.4432120806720129,2.0372365475003806,-0.7602288271850522,-0.2758386421836852,-1.088010099810069,1.0578684155187144,-1.9123061155336254,2.263877109971898,-0.03186655099521015,-0.22535508218419062,0.24535501421168618,0.4357410761074229,-1.0197930743270827,0.9020217737096455
-0.468745423680761,2.0372365475003806,-0.7602288271850522,-0.2758386421836852,-1.088010099810069,0.5983505014522059,-2.0838660604509056,2.0162778770252827,-0.03186655099521015,-0.22535508218419062,0.24535501421168618,0.6595511644795531,-1.1415733204644674,0.5374211081832756
-0.4313846189888015,2.0372365475003806,-0.7602288271850522,-0.2758386421836852,-1.088010099810069,0.5008770045290064,-2.24017623248665,2.0162778770252827,-0.03186655099521015,-0.22535508218419062,0.24535501421168618,-1.0331227715947298,-1.567804181945315,0.618443478300247
-0.49815712099145243,2.0372365475003806,-0.7602288271850522,-0.2758386421836852,-1.088010099810069,1.5333003698992143,-2.320237540114714,2.886158848987565,-0.03186655099521015,-0.22535508218419062,0.24535501421168618,-0.23833261524959617,-1.57887511341235,1.5907119197039001
-0.20383762285571544,1.808804549536204,-1.06217836836853,-0.2758386421836852,1.052974471874012,2.281260264656822,1.2329595412831786,-1.1533725175665526,-0.32307780162836136,-0.6899055418512964,-2.9229249519131035,-0.4850523977070621,-0.7928389792528651,2.887069841575437
-0.20731092710001475,1.808804549536204,-1.06217836836853,-0.2758386421836852,1.052974471874012,1.3045360403855841,1.2329595412831786,-1.0864896163448168,-0.32307780162836136,-0.6899055418512964,-2.9229249519131035,0.2762543595902725,-0.9570577960138841,1.6919898823501138
-0.2663165942473376,1.808804549536204,-1.06217836836853,-0.2758386421836852,1.052974471874012,2.022657109554458,0.5390948751732896,-1.0280750927971511,-0.32307780162836136,-0.6899055418512964,-2.9229249519131035,0.3529137205681296,-0.4607110352418151,2.4414468059320953
-0.12194156432577317,1.808804549536204,-1.06217836836853,-0.2758386421836852,1.052974471874012,2.269324734421328,1.0232751641620583,-1.0472585605894318,-0.32307780162836136,-0.6899055418512964,-2.9229249519131035,0.4075445295408555,-0.1544152646538468,1.8742902151132985
-0.261273721029667,1.808804549536204,-1.06217836836853,-0.2758386421836852,1.052974471874012,2.028624874672205,0.9127143107709219,-1.1329216735237306,-0.32307780162836136,-0.6899055418512964,-2.9229249519131035,-0.07972704081265022,-0.7356391666731843,2.9883478042216507
-0.1541632964113715,1.808804549536204,-1.06217836836853,-0.2758386421836852,1.052974471874012,-1.2456889199315764,-0.18526933669967136,-1.1004307551007686,-0.32307780162836136,-0.6899055418512964,-2.9229249519131035,0.3176680373599166,-0.3020276842143136,0.21333162771539171
-0.14197128967628025,1.808804549536204,-1.06217836836853,-0.2758386421836852,1.052974471874012,1.6466879071364056,0.6458432853440416,-1.0160926264283991,-0.32307780162836136,-0.6899055418512964,-2.9229249519131035,-0.416323315451055,0.49876969190121795,1.81352343752557
-0.49388384288330583,1.808804549536204,-0.5844909989830283,3.6253078686998625,-0.7609152346916674,-0.5295571058019519,-0.2348310985646633,0.011979944805964102,-0.6142890522615125,-0.978489918311165,-0.014340064978870304,0.22426697685815994,0.2884219940275532,-0.2120358153987067
-0.38831260848405846,1.808804549536204,-0.5844909989830283,-0.2758386421836852,-0.7609152346916674,-0.6568694283138852,-0.9744450833191602,0.3066449230567638,-0.6142890522615125,-0.978489918311165,-0.014340064978870304,-0.01276024271705204,0.168486903134674,-0.1310134452817352
-0.4577027464842352,1.808804549536204,-0.5844909989830283,-0.2758386421836852,-0.7609152346916674,0.10700450675771425,-1.9580554341782337,0.3066449230567638,-0.6142890522615125,-0.978489918311165,-0.014340064978870304,0.714181973452279,-1.014257608593565,0.6994658484172178
-0.48175765678258176,1.808804549536204,-0.5844909989830283,-0.2758386421836852,-0.7609152346916674,0.6998025084539029,-0.3415795087354153,0.011979944805964102,-0.6142890522615125,-0.978489918311165,-0.014340064978870304,0.5432404098924607,-0.8039099107198999,0.5374211081832756
-0.4274404440524909,1.808804549536204,-0.5844909989830283,3.6253078686998625,-0.7609152346916674,2.9934135687079473,-0.6046380909419119,0.2706399159391196,-0.6142890522615125,-0.978489918311165,-0.014340064978870304,0.1740418782864613,-1.0161027638380709,2.7250251013414952
-0.4332630386311266,1.808804549536204,-1.1644258320497076,-0.2758386421836852,-0.9700577090552513,1.2448583892081166,-1.3518769621371767,0.11751782166920244,-0.32307780162836136,-1.0277604216091913,-1.936083650988989,0.714181973452279,-1.33531462113758,2.704769508812252
-0.5210221967454691,1.808804549536204,-1.1644258320497076,-0.2758386421836852,-0.9700577090552513,1.555182175330953,-1.1612548011179764,0.7765534719505605,-0.32307780162836136,-1.0277604216091913,-1.936083650988989,0.302688621996431,-1.3832886574947316,2.76553628639998
-0.49793434345974813,-0.4755154301055632,0.5274501685497786,-0.2758386421836852,-1.0285383061521778,-0.11778131267741852,-1.8779941265501694,0.9251821413321955,-0.468683426944937,-0.5139394586440593,-1.3647544767697648,0.714181973452279,-0.6470717149369042,0.43614314553706174
-0.49826850975730463,-0.4755154301055632,0.5274501685497786,-0.2758386421836852,-1.0285383061521778,-0.3525134073087941,-0.9668201968783924,0.9251821413321955,-0.468683426944937,-0.5139394586440593,-1.3647544767697648,0.714181973452279,-0.31125346043684254,-0.009479890106279015
-0.474304735721928,-0.4755154301055632,0.5274501685497786,-0.2758386421836852,-1.0285383061521778,0.978298213948756,-1.3938138375614006,1.1888540094561268,-0.468683426944937,-0.5139394586440593,-1.3647544767697648,0.714181973452279,-1.0733025764177517,1.3881559944114723
-0.5125819661693075,-0.4755154301055632,0.5274501685497786,-0.2758386421836852,-1.0285383061521778,0.7216843138856417,-0.6351376367049838,1.1888540094561268,-0.468683426944937,-0.5139394586440593,-1.3647544767697648,0.35731943096915686,-0.8666451890330984,1.0843221064728308
-0.4683758155031606,-0.4755154301055632,0.5274501685497786,-0.2758386421836852,-1.0285383061521778,-0.7881602609043159,-0.3682666112781035,1.3960124184082043,-0.468683426944937,-0.5139394586440593,-1.3647544767697648,0.714181973452279,0.6925109925743306,-0.29305818551567747
-0.2901791057683032,-0.4755154301055632,-0.11479171269761838,-0.2758386421836852,0.032042014080214384,0.8927602472610506,0.5657819777159777,-0.3336681235234195,-0.468683426944937,-0.4083598087197171,-0.11821809665509438,0.714181973452279,-1.3925144337172608,0.21333162771539171
-0.36287546486400096,-0.4755154301055632,-0.11479171269761838,-0.2758386421836852,0.032042014080214384,-0.42611584376100525,0.34466027093370555,-0.4575253480081152,-0.468683426944937,-0.4083598087197171,-0.11821809665509438,0.6560265961587354,-0.3905951359505933,-0.29305818551567747
0.7945955798601442,-0.4755154301055632,-0.11479171269761838,-0.2758386421836852,0.032042014080214384,-2.4133816279707125,-1.1383801417956725,-0.7934376624128877,-0.468683426944937,-0.4083598087197171,-0.11821809665509438,-3.3787229891011052,0.1020613143324641,-1.1437930717438736
-0.13958655746189988,-0.4755154301055632,-0.11479171269761838,-0.2758386421836852,0.032042014080214384,-0.1277275878736631,-0.5665136587380718,-0.723789576644517,-0.468683426944937,-0.4083598087197171,-0.11821809665509438,0.714181973452279,-1.1268120785084208,0.0715424800106925
-0.40728414055896994,-0.4755154301055632,-0.11479171269761838,-0.2758386421836852,0.032042014080214384,-0.32466383675931004,0.8669649921263143,-0.6122028585855143,-0.468683426944937,-0.4083598087197171,-0.11821809665509438,0.661313448639967,-0.06769296816207253,-0.47535851827886283
-0.40339059687986484,-0.4755154301055632,-0.11479171269761838,-0.2758386421836852,0.032042014080214384,0.1587251377781867,0.5772193073771296,-0.36517970575278164,-0.468683426944937,-0.4083598087197171,-0.11821809665509438,0.40490110330023715,-0.7725422715633008,-0.02973548263552135
-0.35285047593730634,-0.4755154301055632,-0.11479171269761838,-0.2758386421836852,0.032042014080214384,0.7574909045921224,0.7487792522944098,-0.16960050708973867,-0.468683426944937,-0.4083598087197171,-0.11821809665509438,0.6075637817474456,-0.517910847821496,0.4158875530078194
-0.4114004617697794,-0.4755154301055632,-0.11479171269761838,-0.2758386421836852,0.032042014080214384,-0.957246939240477,0.3827847031375456,0.027822147937727432,-0.468683426944937,-0.4083598087197171,-0.11821809665509438,0.6718871536024305,-0.10828638354120097,-1.1235374792146313
-0.3786369752320819,-0.4755154301055632,-0.11479171269761838,-0.2758386421836852,0.032042014080214384,-0.5414926360374461,0.5924690802586658,0.05870004204181921,-0.468683426944937,-0.4083598087197171,-0.11821809665509438,0.16787388372502515,1.1519546484562826,-0.7994479987467467
-0.4156231086207205,-0.4755154301055632,-0.11479171269761838,-0.2758386421836852,0.032042014080214384,-0.8040743012183075,0.15403810991450528,0.07776829381132336,-0.468683426944937,-0.4083598087197171,-0.11821809665509438,0.714181973452279,0.7109625450193888,-0.39433614816189133
-0.33623329732245183,-0.4755154301055632,-0.11479171269761838,-0.2758386421836852,0.032042014080214384,0.3894787223310648,-0.01752183500277493,-0.20981089903872355,-0.468683426944937,-0.4083598087197171,-0.11821809665509438,0.565268961897592,-0.31863408141486604,0.2740984053031202
-0.29904463890499117,-0.4755154301055632,-0.11479171269761838,-0.2758386421836852,0.032042014080214384,-0.1456308832269026,-0.33776706551503155,0.06060110641763074,-0.468683426944937,-0.4083598087197171,-0.11821809665509438,0.6551454540785309,0.11866771153301657,-0.15126903781097825
-0.4549230904636517,-0.4755154301055632,-0.5173911009422554,-0.2758386421836852,-0.47346823201186067,0.47700594405801977,-0.5855758748399919,0.37082024774325245,-0.32307780162836136,-0.5280167453006382,0.5050500934022427,0.714181973452279,-0.9017031386787091,0.4158875530078194
-0.44783977758059823,-0.4755154301055632,-0.5173911009422554,-0.2758386421836852,-0.47346823201186067,0.37754319209557236,-0.5093270104323118,0.37082024774325245,-0.32307780162836136,-0.5280167453006382,0.5050500934022427,0.714181973452279,-0.9625932617474017,0.2740984053031202
-0.36199448098862474,-0.4755154301055632,-0.5173911009422554,-0.2758386421836852,-0.47346823201186067,-0.2888572460528275,-0.6770745121292079,0.4749179243217851,-0.32307780162836136,-0.5280167453006382,0.5050500934022427,0.714181973452279,-0.8094453764534175,-0.27280259298643517
-0.396028812082181,-0.4755154301055632,-0.5173911009422554,-0.2758386421836852,-0.47346823201186067,-0.9512791741227299,0.2531616336444892,0.4749179243217851,-0.32307780162836136,-0.5280167453006382,0.5050500934022427,0.2057629931738515,-0.06400265767306094,-0.6576588510420475
-0.36708292233778034,-0.4755154301055632,-0.5173911009422554,-0.2758386421836852,-0.47346823201186067,0.45512413862628104,-1.0506939477268402,0.4749179243217851,-0.32307780162836136,-0.5280167453006382,0.5050500934022427,0.714181973452279,-1.100979905085339,0.6589546633587324
-0.4426399474655905,-0.4755154301055632,-0.5173911009422554,-0.2758386421836852,-0.47346823201186067,0.48695221925426435,-2.0190545257043775,0.8751783874472111,-0.32307780162836136,-0.5280167453006382,0.5050500934022427,0.4304542236261912,-1.2928760505139458,0.5779322932417617
-0.3861304012985001,-0.4755154301055632,-0.5173911009422554,-0.2758386421836852,-0.47346823201186067,0.25023086958363916,-1.477687588409849,0.8751783874472111,-0.32307780162836136,-0.5280167453006382,0.5050500934022427,0.714181973452279,-1.0954444393518217,0.2538428127738771
-0.41774455829763213,-0.4755154301055632,-0.5173911009422554,-0.2758386421836852,-0.47346823201186067,-0.20530853440437175,-0.9134459917930161,0.8751783874472111,-0.32307780162836136,-0.5280167453006382,0.5050500934022427,0.714181973452279,0.12973864300005133,0.09179807253993483
-0.5062783746472191,-0.4755154301055632,-1.1788043816298732,-0.2758386421836852,-0.8005630971302616,-0.6329983678428968,-1.5958733282417532,0.7592134605227031,-0.468683426944937,0.47850925064475747,-0.8973033342267639,-0.5599494745245104,-0.3905951359505933,-0.49561411080810513
-0.5057366201951201,-0.4755154301055632,-1.1788043816298732,-0.2758386421836852,-0.8005630971302616,0.292005225407867,-1.9237434451947775,0.7592134605227031,-0.468683426944937,0.47850925064475747,-0.8973033342267639,-1.1970151985129076,-0.8758709652556276,0.17282044265690633
-0.5167742342659253,-0.4755154301055632,-1.1788043816298732,-0.2758386421836852,-0.8005630971302616,-0.0839639770101856,-1.3518769621371767,1.1388502555711426,-0.468683426944937,0.47850925064475747,-0.8973033342267639,-1.7820935397691922,-0.5529687974671068,-0.39433614816189133
-0.5140452095025473,-0.4755154301055632,-0.867269140726285,-0.2758386421836852,-0.255404988599593,0.2581878897406341,-1.1269428121345204,1.4757419061695154,-0.32307780162836136,-0.9714512749828755,0.8166841884309094,0.08064081778470464,-1.1821667358435959,0.09179807253993483
-0.5208551135966909,-0.4755154301055632,-0.867269140726285,-0.2758386421836852,-0.255404988599593,0.2462523595051399,-1.1116930392529845,1.4757419061695154,-0.32307780162836136,-0.9714512749828755,0.8166841884309094,0.05332541329834169,-0.9847351246814716,-0.2120358153987067
-0.5197260365610076,-0.4755154301055632,-0.867269140726285,-0.2758386421836852,-0.255404988599593,-0.2968142662098242,-1.2641907680683446,1.203198404291796,-0.32307780162836136,-0.9714512749828755,0.8166841884309094,0.714181973452279,-0.7522455638737368,-0.1310134452817352
-0.5224297456957828,-0.4755154301055632,-0.867269140726285,-0.2758386421836852,-0.255404988599593,-0.6310091128036489,-0.8143224680630322,0.768718782401761,-0.32307780162836136,-0.9714512749828755,0.8166841884309094,0.714181973452279,-0.42196277510719243,-0.45510292574961975
-0.5243841122239161,-0.4755154301055632,-0.867269140726285,-0.2758386421836852,-0.255404988599593,-0.5792884817831765,-0.3072675197519594,0.9898759381211786,-0.32307780162836136,-0.9714512749828755,0.8166841884309094,0.530023278689384,-0.2817309765247492,-0.6576588510420475
-0.5230423839079696,-0.4755154301055632,-0.867269140726285,-0.2758386421836852,-0.255404988599593,-0.2530506553463467,-1.1574423578975925,0.5273988226964631,-0.32307780162836136,-0.9714512749828755,0.8166841884309094,0.6472151753566808,-0.6599878016484451,-0.23229140792794903
-0.5119490754542384,-0.4755154301055632,-0.867269140726285,-0.2758386421836852,-0.255404988599593,-0.40025552825076904,-0.8486344570464881,0.5273988226964631,-0.32307780162836136,-0.9714512749828755,0.8166841884309094,0.714181973452279,-0.4330337065742276,-0.5563808883958336
-0.5086377912329969,-0.4755154301055632,-0.867269140726285,-0.2758386421836852,-0.255404988599593,-0.434072863918002,-0.34920439517618346,0.5273988226964631,-0.32307780162836136,-0.9714512749828755,0.8166841884309094,0.714181973452279,-0.5160656925769902,-0.6171476659835621
-0.5271333894901764,-0.4755154301055632,-1.3944826253323572,-0.2758386421836852,-0.2256690917706474,0.7037810185324004,-0.3034550765315753,1.3654225643610536,-0.9055003028946638,0.4222001040184416,-1.4166934926078758,0.10266936978983587,-0.6341556282253633,-1.0627707016269028
-0.5240195671720363,-0.4755154301055632,-0.9950784703277572,-0.2758386421836852,-0.9789784781039351,-0.3425671321125495,-0.7304487172145839,2.3716616992792776,-0.6142890522615125,-0.07050492896182205,0.08953796669735192,-0.2779840088588314,-0.2872664422582669,-0.8602147763344751
-0.5085820968500707,-0.4755154301055632,-0.9950784703277572,-0.2758386421836852,-0.9789784781039351,-0.5733207166654294,-0.5855758748399919,2.3716616992792776,-0.6142890522615125,-0.07050492896182205,0.08953796669735192,-2.1310258035304694,0.10759678006598149,-0.9209815539222036
4.008404504729622,-0.4755154301055632,1.1952539157174702,3.6253078686998625,2.27214624186078,0.05130536565874258,1.1338360175531947,-1.0222566836469398,2.443429079386575,2.139629076121075,0.8166841884309094,-0.9749673943011812,1.0172583156073574,-0.7994479987467467
1.4093704311011122,-0.4755154301055632,1.1952539157174702,3.6253078686998625,2.27214624186078,0.415339037841301,0.8898396514486181,-0.8016180000300166,2.443429079386575,2.139629076121075,0.8166841884309094,0.22426697685815994,0.2183060947363314,-0.009479890106279015
2.0939404703999007,-0.4755154301055632,1.1952539157174702,3.6253078686998625,2.27214624186078,-0.11778131267741852,0.6000939666994339,-0.676320575260615,2.443429079386575,2.139629076121075,0.8166841884309094,0.5846540876621099,-0.11197669403021256,0.19307603518614866
1.6177737488847876,-0.4755154301055632,1.1952539157174702,-0.2758386421836852,2.27214624186078,-0.14762013826615222,0.5200326590713695,-0.7993712875858755,2.443429079386575,2.139629076121075,0.8166841884309094,0.17139845204584797,0.10759678006598149,0.17282044265690633
1.7598501197292211,-0.4755154301055632,1.1952539157174702,-0.2758386421836852,2.27214624186078,0.4213068029590481,0.775466354837098,-0.7941289585495465,2.443429079386575,2.139629076121075,0.8166841884309094,-1.2542894337262467,-0.7928389792528651,0.6589546633587324
1.402859251424481,-0.4755154301055632,1.1952539157174702,-0.2758386421836852,2.27214624186078,0.128886312189453,0.8936520946690019,-0.922421999911136,2.443429079386575,2.139629076121075,0.8166841884309094,-3.3611001474970013,0.388060377230868,-0.37408055563264897
1.322547951245072,-0.4755154301055632,1.1952539157174702,-0.2758386421836852,2.27214624186078,-1.6395614177028686,1.0880866989085864,-1.0329717737651505,2.443429079386575,2.139629076121075,0.8166841884309094,-0.7053379177583745,-0.35000172057146517,-0.19178022286946364
1.5980680635803959,-0.4755154301055632,1.1952539157174702,3.6253078686998625,2.27214624186078,-0.7622999453940796,0.813590787040938,-1.1475541084163412,2.443429079386575,2.139629076121075,0.8166841884309094,-3.1505071903279425,0.4710923632336307,-1.0020039240391743
1.2192905653001171,-0.4755154301055632,1.1952539157174702,3.6253078686998625,1.7567240301590565,5.159712306450058,0.581031750597514,-1.1475541084163412,2.443429079386575,2.139629076121075,0.8166841884309094,-3.017454736216951,-1.2541277903793233,0.031031294952206377
1.766913180109392,-0.4755154301055632,1.1952539157174702,-0.2758386421836852,1.7567240301590565,-5.222209743390237,0.7716539116167141,-1.3154814616130335,2.443429079386575,2.139629076121075,0.8166841884309094,-3.004237605013874,-0.9164643806347558,1.1653444765898016
3.5069120283603037,-0.4755154301055632,1.1952539157174702,-0.2758386421836852,1.5783086491853828,-1.3252591215015346,1.2329595412831786,-1.3616254787350062,2.443429079386575,2.139629076121075,0.8166841884309094,0.714181973452279,2.3014863657834166,-1.9135055878550988
3.587547368585829,-0.4755154301055632,1.1952539157174702,-0.2758386421836852,1.5783086491853828,-1.5838622766038986,1.1910226658589547,-1.2492898565279564,2.443429079386575,2.139629076121075,0.8166841884309094,0.714181973452279,1.6169337700717532,-2.075550328089041
2.9852429959945828,-0.4755154301055632,1.1952539157174702,-0.2758386421836852,1.5783086491853828,-0.9413328989264853,1.1185862446716583,-1.1349955619337069,2.443429079386575,2.139629076121075,0.8166841884309094,0.4965398796415849,0.9268457086265712,-1.3463489970363016
2.140156681977107,-0.4755154301055632,1.1952539157174702,-0.2758386421836852,1.5783086491853828,-0.26896469566033837,0.5657819777159777,-0.9959874304539065,2.443429079386575,2.139629076121075,0.8166841884309094,-0.9176931590878419,1.231296323970034,0.2943539978323625
3.837169592860525,-0.4755154301055632,1.1952539157174702,-0.2758386421836852,1.5089248899178431,0.013509519913012183,0.950838742974762,-1.212939201341983,2.443429079386575,2.139629076121075,0.8166841884309094,0.714181973452279,0.5688855911924398,-1.6096716999164573
3.873619034922785,-0.4755154301055632,1.1952539157174702,-0.2758386421836852,1.5089248899178431,0.5665224208242227,1.1872102226385703,-1.2506724488012742,2.443429079386575,2.139629076121075,0.8166841884309094,0.2806600699912997,0.9286908638710774,-1.751460847621157
2.433311661197117,-0.4755154301055632,1.1952539157174702,-0.2758386421836852,1.5089248899178431,0.4352315882337919,1.0804618124678185,-1.2788427663701187,2.443429079386575,2.139629076121075,0.8166841884309094,0.714181973452279,1.3438507938848898,-1.8729944027966134
3.3446591015194675,-0.4755154301055632,1.1952539157174702,-0.2758386421836852,1.5089248899178431,-0.8736982275920212,1.1910226658589547,-1.303844643312611,2.443429079386575,2.139629076121075,0.8166841884309094,0.3793479829742881,1.4453343323327108,-2.683218103966324
2.3291732913767857,-0.4755154301055632,1.1952539157174702,-0.2758386421836852,1.974787273571324,0.06523015093348639,1.2329595412831786,-1.0898884890167224,2.443429079386575,2.139629076121075,0.8166841884309094,0.6075637817474456,0.8308976359122681,-0.6779144435712905
2.215136510772774,-0.4755154301055632,1.1952539157174702,-0.2758386421836852,1.7071642021108138,0.9325453480460306,1.1643355633162666,-0.8880300171123625,2.443429079386575,2.139629076121075,0.8166841884309094,-2.9522502222817613,1.041245333785933,-1.326093404507059
2.037435987358531,-0.4755154301055632,1.1952539157174702,-0.2758386421836852,1.7071642021108138,0.2203920439949037,0.92033919721169,-0.8805409756318925,2.443429079386575,2.139629076121075,0.8166841884309094,-0.32644682327012114,0.9563681925386646,-1.1437930717438736
3.636330584903355,-0.4755154301055632,1.1952539157174702,-0.2758386421836852,1.7071642021108138,2.4006155670117586,1.2062724387404904,-0.8318622060088375,2.443429079386575,2.139629076121075,0.8166841884309094,-1.1388598212193588,0.8585749645798553,-0.7994479987467467
2.9037367981451228,-0.4755154301055632,1.1952539157174702,-0.2758386421836852,1.7071642021108138,-0.20928704448286922,0.638218398903274,-0.6793161918528031,2.443429079386575,2.139629076121075,0.8166841884309094,0.714181973452279,0.4821632947006655,-0.35382496310340594
1.330086945442975,-0.4755154301055632,1.1952539157174702,-0.2758386421836852,1.7071642021108138,0.37754319209557236,0.7907161277186342,-0.7659586409807019,2.443429079386575,2.139629076121075,0.8166841884309094,0.23219725558001,0.4729375184781365,-0.8197035912759897
2.8296885844820374,-0.4755154301055632,1.1952539157174702,-0.2758386421836852,1.7071642021108138,0.2601771447798837,0.5848441938178978,-0.6695804379281921,2.443429079386575,2.139629076121075,0.8166841884309094,0.714181973452279,0.3511572723407515,-0.45510292574961975
2.407540351279503,-0.4755154301055632,1.1952539157174702,-0.2758386421836852,1.7071642021108138,0.6500711324726783,0.8479027760243942,-0.630867854275301,2.443429079386575,2.139629076121075,0.8166841884309094,0.4427902127490635,-0.3315501681264069,-0.31331377804492055
3.4293651948243165,-0.4755154301055632,1.1952539157174702,-0.2758386421836852,1.1322701967512,0.04533760054099549,-0.0861458129696869,-0.5376580918491439,2.443429079386575,2.139629076121075,0.8166841884309094,0.714181973452279,0.20908031851380243,-0.07024666769400746
1.662065972688184,-0.4755154301055632,1.1952539157174702,-0.2758386421836852,0.3888727760275604,-0.038211111107460255,0.6229686260217377,-0.4973324838773826,2.443429079386575,2.139629076121075,0.8166841884309094,0.714181973452279,0.7755429785770929,-0.37408055563264897
1.5049166765736646,-0.4755154301055632,1.1952539157174702,-0.2758386421836852,-0.08690157323556798,0.0851227013259755,0.8784023217874662,-0.45936880437253863,2.443429079386575,2.139629076121075,0.8166841884309094,0.5758426668600554,0.144499884956098,-0.4348473332203767
1.267086472102136,-0.4755154301055632,1.1952539157174702,-0.2758386421836852,0.3888727760275604,0.4988877494897585,0.2798487361871773,-0.5761978514678702,2.443429079386575,2.139629076121075,0.8166841884309094,0.40313881913982824,0.4194280163874672,0.2943539978323625
1.8129977504178643,-0.4755154301055632,1.1952539157174702,-0.2758386421836852,0.7258796067556104,1.5790532358019413,-0.0022720621212392335,-0.7856605808754766,2.443429079386575,2.139629076121075,0.8166841884309094,-1.2437157287637832,-0.07876389962910761,1.6312231047623855
3.538966677297124,-0.4755154301055632,1.1952539157174702,-0.2758386421836852,0.4285206384661545,-1.5102598401516873,1.0575871531455145,-0.8450544406167423,2.443429079386575,2.139629076121075,0.8166841884309094,-3.191039726017387,1.1168966988106723,-1.6096716999164573
1.9266750490957167,-0.4755154301055632,1.1952539157174702,-0.2758386421836852,0.7258796067556104,0.5923827363344588,0.988963175178602,-0.9167764147950895,2.443429079386575,2.139629076121075,0.8166841884309094,0.653383169918117,1.216535082013987,-1.0222595165684174
2.408988405235581,-0.4755154301055632,1.1952539157174702,-0.2758386421836852,-0.08690157323556798,0.11098301683621173,-0.11283291551237505,-0.27220037537217745,2.443429079386575,2.139629076121075,0.8166841884309094,0.714181973452279,-0.24851818212364424,0.2538428127738771
2.3503422200144173,-0.4755154301055632,1.1952539157174702,-0.2758386421836852,-0.08690157323556798,1.1215245767746809,0.27603629296679355,-0.3254877859062906,2.443429079386575,2.139629076121075,0.8166841884309094,0.37670455673366976,-0.8020647554753941,0.39563196047857635
2.3619772829202477,-0.4755154301055632,1.1952539157174702,-0.2758386421836852,-0.08690157323556798,1.7401828939811057,0.35609760059485746,-0.28003506492097674,2.443429079386575,2.139629076121075,0.8166841884309094,0.5714369564590281,-0.93676108832432,0.6589546633587324
0.8872001492890558,-0.4755154301055632,1.1952539157174702,-0.2758386421836852,-0.08690157323556798,-0.8438594020032876,-1.0430690612860725,0.11613522939588505,2.443429079386575,2.139629076121075,0.8166841884309094,0.363487425530593,-0.30756314994783096,0.01077570242296404
0.664518816973421,-0.4755154301055632,1.1952539157174702,-0.2758386421836852,0.418608672856506,-0.6270306027251497,-0.9820699697599283,-0.09949155723026197,2.443429079386575,2.139629076121075,0.8166841884309094,-1.5917668504448559,0.2312221814478723,-0.23229140792794903
1.3202442290422203,-0.4755154301055632,1.1952539157174702,-0.2758386421836852,0.418608672856506,0.25023086958363916,-0.6008256477215278,0.0547250892560311,2.443429079386575,2.139629076121075,0.8166841884309094,-0.015403668957665387,-0.27804066603573757,-0.11075785275249285
2.342023504455549,-0.4755154301055632,1.1952539157174702,-0.2758386421836852,0.418608672856506,-0.14364162818765475,0.4628460107656095,-0.20209142551270073,2.443429079386575,2.139629076121075,0.8166841884309094,0.34234001560566624,0.533827641546829,-0.5361252958665905
1.908579437770461,-0.4755154301055632,1.1952539157174702,-0.2758386421836852,0.418608672856506,-0.5593959313906856,-0.5512638858565356,-0.4288365583367765,2.443429079386575,2.139629076121075,0.8166841884309094,-0.05064935216587337,-0.11751215976373026,-0.23229140792794903
-0.46339876291985715,-0.4755154301055632,2.735356337415208,-0.2758386421836852,0.6763197787073677,-1.4565499540919653,0.9546511861951463,-1.1958296219596785,-0.468683426944937,2.4563680258941014,0.7647451725927992,0.5546952569351286,1.1021354568546253,-1.326093404507059
-0.4862435861709916,-0.4755154301055632,2.735356337415208,-0.2758386421836852,0.6763197787073677,-0.4042340383292683,1.1872102226385703,-1.1686386405844336,-0.468683426944937,2.4563680258941014,0.7647451725927992,0.11588650099291763,1.1039806120991313,-1.6501828849749431
-0.48341836201892313,-0.4755154301055632,2.735356337415208,-0.2758386421836852,0.6763197787073677,-0.4042340383292683,0.6039064099198178,-1.029342469047692,-0.468683426944937,2.4563680258941014,0.7647451725927992,0.714181973452279,0.23306733669237809,-0.33356937057416286
-0.45203204567721605,-0.4755154301055632,-0.14834166171800492,-0.2758386421836852,0.43843260407580303,-0.9532684291619795,-0.5207643400934637,-0.8727638940944814,-0.17747217631178575,0.20400216084146772,0.2972940300497964,0.714181973452279,-0.014183466071403526,0.01077570242296404
-0.39823127177062145,-0.4755154301055632,-0.14834166171800492,-0.2758386421836852,0.43843260407580303,-0.5176215755664577,-0.9553828672172402,-0.8727638940944814,-0.17747217631178575,0.20400216084146772,0.2972940300497964,0.714181973452279,0.2773510625605181,0.5576767007125186
-0.449156190267942,-0.4755154301055632,-0.14834166171800492,-0.2758386421836852,0.43843260407580303,-1.0268708656141907,-1.481500031630233,-0.632596094616948,-0.17747217631178575,0.20400216084146772,0.2972940300497964,0.39608968249818766,1.0172583156073574,0.2740984053031202
-0.3931529566729069,-0.4755154301055632,-0.14834166171800492,-0.2758386421836852,0.43843260407580303,-1.5838622766038986,0.19978742855911347,-0.632596094616948,-0.17747217631178575,0.20400216084146772,0.2972940300497964,0.714181973452279,1.6704432721624223,-0.41459174069113436
-0.4038969094519201,-0.4755154301055632,-0.14834166171800492,-0.2758386421836852,0.43843260407580303,-0.780203240747321,0.11210123449028091,-0.578386955900623,-0.17747217631178575,0.20400216084146772,0.2972940300497964,0.714181973452279,0.37145398003031554,-0.6981700361005329
-0.41871161531025775,-0.4755154301055632,-0.14834166171800492,-0.2758386421836852,0.43843260407580303,-0.332620856916305,-0.08995825619007124,-0.8569792989741062,-0.17747217631178575,0.20400216084146772,0.2972940300497964,0.714181973452279,0.15372566117862732,-0.11075785275249285
-0.44974351285152614,-0.4755154301055632,-0.14834166171800492,-0.2758386421836852,0.43843260407580303,-1.2277856245783352,0.22266208788141728,-0.8622792360218233,-0.17747217631178575,0.20400216084146772,0.2972940300497964,0.6146129183890862,0.5559695044808989,-0.8602147763344751
-0.4261746626223526,-0.4755154301055632,-0.14834166171800492,-0.2758386421836852,0.43843260407580303,-0.3167068166023133,0.4590335675452257,-0.8056505608271926,-0.17747217631178575,0.20400216084146772,0.2972940300497964,0.714181973452279,0.4138925506539498,-1.0020039240391743
-0.5080707211522949,-0.4755154301055632,0.20952446116611684,-0.2758386421836852,0.31948901676002067,0.8092115356125948,0.05491458618452084,-0.8169417310592858,-0.9055003028946638,-0.626557751896691,1.2321963151358002,0.2815412120715042,-0.44594979328576845,0.13230925759842022
-0.5168603074031747,-0.4755154301055632,0.20952446116611684,-0.2758386421836852,0.31948901676002067,-0.13170609795216057,0.34466027093370555,-0.9270306408221946,-0.9055003028946638,-0.626557751896691,1.2321963151358002,0.714181973452279,-0.5548139527116126,-0.23229140792794903
-0.5090175256620384,-0.4755154301055632,0.20952446116611684,-0.2758386421836852,0.31948901676002067,1.5710962156449446,0.8898396514486181,-0.9961602544880712,-0.9055003028946638,-0.626557751896691,1.2321963151358002,0.714181973452279,-1.1895473568216193,0.43614314553706174
-0.4842942827685788,-0.4755154301055632,0.20952446116611684,-0.2758386421836852,0.31948901676002067,1.209051798501634,0.82502811670209,-0.8686161172745287,-0.9055003028946638,-0.626557751896691,1.2321963151358002,0.4101879557814688,-1.034554316283129,0.05128688748144943
-0.5157767984989764,-0.4755154301055632,0.20952446116611684,-0.2758386421836852,0.31948901676002067,-0.3107390514845662,0.5009704429694495,-0.801733216052793,-0.9055003028946638,-0.626557751896691,1.2321963151358002,0.714181973452279,-0.7762325820523126,-1.99452795797207
